<?xml version="1.0"?>
<skin version="1.0" name="skewd" author="Steven Lu">

	<settings>
		<setting name="backcolor" value="0x3B5998" />
		<setting name="frontcolor" value="0xF7F7F7" />
		<setting name="lightcolor" value="0xFFFFFF" />
	</settings>

	<components>
		<component name="controlbar">
			<settings>
				<setting name="margin" value="12" />
				<setting name="fontsize" value="12" />
			</settings>
            
            <layout>
                <group position="left">
                    <button name="play" />
                    <divider />
                </group>
                
                <group position="center">
                    <slider name="time" />
                </group>
                
                <group position="right">
                    <text name="elapsed" />
                </group>
            </layout>

			<elements>
				<element name="background" src="background.png" />
				<element name="capLeft" src="capLeft.png" />
				<element name="capRight" src="capRight.png" />
				<element name="shade" src="background.png" />
				<element name="divider" src="divider.png" />
								
				<element name="blankButton" src="blankButton.png" />
				<element name="blankButtonOver" src="blankButton.png" />
				
				<element name="playButton" src="playButton.png" />
				<element name="playButtonOver" src="playButtonOver.png" />
				
				<element name="pauseButton" src="pauseButton.png" />
				<element name="pauseButtonOver" src="pauseButtonOver.png" />
				
				<element name="timeSliderRail" src="timeSliderRail.png" />      							
				<element name="timeSliderBuffer" src="timeSliderBuffer.png" />
				<element name="timeSliderProgress" src="timeSliderProgress.png" />
				<element name="timeSliderThumb" src="timeSliderThumb.png" />
				
				<element name="muteButton" src="muteButton.png" />
				<element name="muteButtonOver" src="muteButtonOver.png" />
				
				<element name="unmuteButton" src="unmuteButton.png" />
				<element name="unmuteButtonOver" src="unmuteButtonOver.png" />
				
				<element name="volumeSliderRail" src="volumeSliderRail.png" />
				<element name="volumeSliderBuffer" src="volumeSliderBuffer.png" />
				<element name="volumeSliderProgress" src="volumeSliderProgress.png" />
			</elements>
		</component>
	</components>

</skin>